<?xml version="1.0" encoding="utf-16"?>
  <IEC60870ProjectDescription Version="2.8.0" Guid="BCAB5D0D-5CE5-406E-8736-146506C81871" Generated="09/02/2020 21:51:00">
    <CConfiguration Name="IEC60870 Konfiguration">
      <Text>IEC60870 Konfiguration</Text>
        <Parameter Name="AfzDefault" Type="Time" Val="t#2s" />
        <Parameter Name="AfzKurz" Type="Time" Val="t#50ms" />
        <Parameter Name="AfzLang" Type="Time" Val="t#5s" />
        <Parameter Name="ClockSyncMode" Type="ENUM_TimeSync" Val="2" />
        <Parameter Name="ClockDlsMode" Type="INT" Val="0" />
        <Parameter Name="ClockTimeZone" Type="BYTE" Val="0" />
        <Parameter Name="NtpSvrAdr" Type="IP" Val="192.53.103.108" />
        <Parameter Name="NtpUpdateTime" Type="Time" Val="t#1m" />
        <Parameter Name="NtpRequResp" Type="Time" Val="t#50ms" />
        <Parameter Name="ClockObject103" Type="BOOL" Val="False" />
        <Parameter Name="ClockInvalidObj103" Type="ENUM_ClockInvalidObj103" Val="0" />
        <Parameter Name="ClockInvalidObj103Timeout" Type="TIME" Val="t#10m" />
        <Parameter Name="750-640InAdr" Type="VARIABLE" Val="%IB0" />
        <Parameter Name="750-640OutAdr" Type="VARIABLE" Val="%QB0" />
        <Parameter Name="NtpWatchdog" Type="Time" Val="t#10m" />
        <Parameter Name="Task1Prio" Type="BYTE" Val="21" />
        <Parameter Name="Task1Time" Type="TIME" Val="t#20ms" />
        <Parameter Name="Task2Prio" Type="BYTE" Val="22" />
        <Parameter Name="Task2Time" Type="TIME" Val="t#20ms" />
        <Parameter Name="Task3Prio" Type="BYTE" Val="23" />
        <Parameter Name="Task3Time" Type="TIME" Val="t#20ms" />
        <Parameter Name="Task4Prio" Type="BYTE" Val="24" />
        <Parameter Name="Task4Time" Type="TIME" Val="t#20ms" />
        <Parameter Name="VarGenMode" Type="BOOL" Val="True" />
        <Parameter Name="Autostart" Type="" Val="True" />
        <Parameter Name="SendInitEnd" Type="BOOL" Val="False" />
        <Parameter Name="UseRetainPara" Type="BOOL" Val="True" />
        <Parameter Name="SignalPreprocessArchive_COT" Type="BYTE" Val="48" />
        <Parameter Name="SizeOfMsgBuffer" Type="UINT" Val="16" />
        <Parameter Name="StructTrans" Type="ENUM_StructTrans" Val="0" />
        <Parameter Name="Func1N" Type="" Val="False" />
        <Parameter Name="MaxReceiveDelay" Type="TIME" Val="t#60s" />
        <Parameter Name="TimeObjectsByGA" Type="ENUM_TimeObjectsByGA" Val="0" />
        <Parameter Name="TimeStampCP56_SU" Type="BOOL" Val="True" />
        <Parameter Name="TimeStampCP56_Weekday" Type="BOOL" Val="True" />
        <Parameter Name="BehaviorQRP" Type="ENUM_BehaviorByQRP" Val="1" /><CServer104 Name="Server104">
    <Text></Text>
    <Parameter Name="TaskInfoObj" Type="ENUM_TASKS" Val="1" />
    <Parameter Name="TaskComm" Type="ENUM_TASKS" Val="1" />
    <Parameter Name="ASDUAdr2" Type="BYTE" Val="0" />
    <Parameter Name="ASDUAdr1" Type="BYTE" Val="1" />
    <Parameter Name="HrkAdr" Type="BYTE" Val="1" />
    <Channel Name="LinkOk" Type="ARRAY[1..IEC870_MAX_CLIENTS] OF BOOL" Autoapply="True" Assignment="sgl104_S0_StatusLinkLayer" />
    <Channel Name="LinkOkMultilink" Type="ARRAY[1..IEC870_MAX_SVLINKS] OF BOOL" Autoapply="True" Assignment="USERS104" />
    <Parameter Name="MaxMsgLen" Type="BYTE" Val="120" />
    <Parameter Name="PacketFrames" Type="ENUM_FrameSize104" Val="0" />
    <Parameter Name="ParameterK" Type="WORD" Val="12" />
    <Parameter Name="ParameterW" Type="WORD" Val="8" />
    <Parameter Name="ParameterT1" Type="TIME" Val="T#15s" />
    <Parameter Name="ParameterT2" Type="TIME" Val="T#10s" />
    <Parameter Name="ParameterT3" Type="TIME" Val="T#20s" />
    <Parameter Name="TestframesServer104" Type="BOOL" Val="False" />
    <Parameter Name="Port104" Type="WORD" Val="2404" />
    <Parameter Name="BindIP" Type="ENUM_BindIP" Val="0" />
    <Parameter Name="BindIP_Addr" Type="IP" Val="0.0.0.0" />
    <Parameter Name="TransmitDelay" Type="Time" Val="t#0ms" />
    <Parameter Name="CounterMode" Type="ENUM_CounterMode" Val="2" />
    <Parameter Name="SelectBeforeExecute" Type="ENUM_SelectBeforeExecute" Val="0" />
    <Parameter Name="ExeuteTimeout" Type="TIME" Val="t#5s" />
    <Parameter Name="ControlObjectsRetain" Type="BOOL" Val="FALSE" />
    <Channel Name="CloseTcpConS104" Type="BOOL" Autoapply="True" Assignment="sgl104_S0_TCPDeact" />
    <Parameter Name="DialUp" Type="ENUM_DialUp104" Val="0" />
          <Parameter Name="IPControlCenter" Type="IP" Val="91.116.138.211" />
          <Parameter Name="MaxClients" Type="ENUM_CLIENTS" Val="1" />
          <Parameter Name="MaxClientsTLS" Type="ENUM_CLIENTS_TLS" Val="1" />
          <Parameter Name="ParameterT0" Type="TIME" Val="T#10s" />
          <Parameter Name="IPFilter" Type="BOOL" Val="False" />
          <Parameter Name="Client1_TLS_Dlg" Type="" Val="" />
          <Parameter Name="Client2_TLS_Dlg" Type="" Val="" />
          <Parameter Name="Client3_TLS_Dlg" Type="" Val="" />
          <Parameter Name="Client4_TLS_Dlg" Type="" Val="" />
          <Parameter Name="Client1IP1" Type="IP" Val="91.116.138.211" />
          <Parameter Name="Client1IP2" Type="IP" Val="91.116.138.211" />
          <Parameter Name="Client1IP3" Type="IP" Val="91.116.138.211" />
          <Parameter Name="Client1IP4" Type="IP" Val="0.0.0.0" />
          <Parameter Name="Client2IP1" Type="IP" Val="0.0.0.0" />
          <Parameter Name="Client2IP2" Type="IP" Val="0.0.0.0" />
          <Parameter Name="Client2IP3" Type="IP" Val="0.0.0.0" />
          <Parameter Name="Client2IP4" Type="IP" Val="0.0.0.0" />
          <Parameter Name="Client3IP1" Type="IP" Val="0.0.0.0" />
          <Parameter Name="Client3IP2" Type="IP" Val="0.0.0.0" />
          <Parameter Name="Client3IP3" Type="IP" Val="0.0.0.0" />
          <Parameter Name="Client3IP4" Type="IP" Val="0.0.0.0" />
          <Parameter Name="Client4IP1" Type="IP" Val="0.0.0.0" />
          <Parameter Name="Client4IP2" Type="IP" Val="0.0.0.0" />
          <Parameter Name="Client4IP3" Type="IP" Val="0.0.0.0" />
          <Parameter Name="Client4IP4" Type="IP" Val="0.0.0.0" />
          <Parameter Name="MultiClient1IP1" Type="IP" Val="0.0.0.0" />
          <Parameter Name="MultiClient1IP2" Type="IP" Val="0.0.0.0" />
          <Parameter Name="MultiClient1IP3" Type="IP" Val="0.0.0.0" />
          <Parameter Name="MultiClient2IP1" Type="IP" Val="0.0.0.0" />
          <Parameter Name="MultiClient2IP2" Type="IP" Val="0.0.0.0" />
          <Parameter Name="MultiClient2IP3" Type="IP" Val="0.0.0.0" />
          <Parameter Name="TLSVerificationFile" Type="" Val="3S_CA.cer" Frame="Client1_TLS_Dlg" />
          <Parameter Name="TLSCertificateFile" Type="" Val="Default.cer" Frame="Client1_TLS_Dlg" />
          <Parameter Name="TLSPrivateKeyFile" Type="" Val="3S_CA.der" Frame="Client1_TLS_Dlg" />
          <Parameter Name="TLSFiletype" Type="ENUM_TLS_FILETYPE" Val="2" Frame="Client1_TLS_Dlg" />
          <Parameter Name="TLSVersion" Type="ENUM_TLS_VERSION" Val="10" Frame="Client1_TLS_Dlg" />
          <Parameter Name="TLS_IP1" Type="IP" Val="0.0.0.0" Frame="Client1_TLS_Dlg" />
          <Parameter Name="TLS_IP2" Type="IP" Val="0.0.0.0" Frame="Client1_TLS_Dlg" />
          <Parameter Name="TLS_IP3" Type="IP" Val="0.0.0.0" Frame="Client1_TLS_Dlg" />
          <Parameter Name="TLSVerificationFile" Type="" Val="3S_CA.cer" Frame="Client2_TLS_Dlg" />
          <Parameter Name="TLSCertificateFile" Type="" Val="Default.cer" Frame="Client2_TLS_Dlg" />
          <Parameter Name="TLSPrivateKeyFile" Type="" Val="3S_CA.der" Frame="Client2_TLS_Dlg" />
          <Parameter Name="TLSFiletype" Type="ENUM_TLS_FILETYPE" Val="2" Frame="Client2_TLS_Dlg" />
          <Parameter Name="TLSVersion" Type="ENUM_TLS_VERSION" Val="10" Frame="Client2_TLS_Dlg" />
          <Parameter Name="TLS_IP1" Type="IP" Val="0.0.0.0" Frame="Client2_TLS_Dlg" />
          <Parameter Name="TLS_IP2" Type="IP" Val="0.0.0.0" Frame="Client2_TLS_Dlg" />
          <Parameter Name="TLS_IP3" Type="IP" Val="0.0.0.0" Frame="Client2_TLS_Dlg" />
          <Parameter Name="TLSVerificationFile" Type="" Val="3S_CA.cer" Frame="Client3_TLS_Dlg" />
          <Parameter Name="TLSCertificateFile" Type="" Val="Default.cer" Frame="Client3_TLS_Dlg" />
          <Parameter Name="TLSPrivateKeyFile" Type="" Val="3S_CA.der" Frame="Client3_TLS_Dlg" />
          <Parameter Name="TLSFiletype" Type="ENUM_TLS_FILETYPE" Val="2" Frame="Client3_TLS_Dlg" />
          <Parameter Name="TLSVersion" Type="ENUM_TLS_VERSION" Val="10" Frame="Client3_TLS_Dlg" />
          <Parameter Name="TLS_IP1" Type="IP" Val="0.0.0.0" Frame="Client3_TLS_Dlg" />
          <Parameter Name="TLS_IP2" Type="IP" Val="0.0.0.0" Frame="Client3_TLS_Dlg" />
          <Parameter Name="TLS_IP3" Type="IP" Val="0.0.0.0" Frame="Client3_TLS_Dlg" />
          <Parameter Name="TLSVerificationFile" Type="" Val="3S_CA.cer" Frame="Client4_TLS_Dlg" />
          <Parameter Name="TLSCertificateFile" Type="" Val="Default.cer" Frame="Client4_TLS_Dlg" />
          <Parameter Name="TLSPrivateKeyFile" Type="" Val="3S_CA.der" Frame="Client4_TLS_Dlg" />
          <Parameter Name="TLSFiletype" Type="ENUM_TLS_FILETYPE" Val="2" Frame="Client4_TLS_Dlg" />
          <Parameter Name="TLSVersion" Type="ENUM_TLS_VERSION" Val="10" Frame="Client4_TLS_Dlg" />
          <Parameter Name="TLS_IP1" Type="IP" Val="0.0.0.0" Frame="Client4_TLS_Dlg" />
          <Parameter Name="TLS_IP2" Type="IP" Val="0.0.0.0" Frame="Client4_TLS_Dlg" />
          <Parameter Name="TLS_IP3" Type="IP" Val="0.0.0.0" Frame="Client4_TLS_Dlg" /></CServer104></CConfiguration>
    </IEC60870ProjectDescription>